date,unix,low,high,open,close,volume,vol_fiat
2023-12-31 23:00:00+00:00,1704063600,42066.35,42339.7,42252.3,42288.06,626.73889224,26503571.87937865
2024-01-01 00:00:00+00:00,1704067200,42261.58,42543.64,42288.58,42452.66,379.19725348,16097932.074920258
2024-01-01 01:00:00+00:00,1704070800,42415.0,42749.99,42453.83,42594.68,396.20192444,16876094.18690598
2024-01-01 02:00:00+00:00,1704074400,42488.03,42625.68,42594.58,42571.32,227.14116558,9669699.245079163
2024-01-01 03:00:00+00:00,1704078000,42235.0,42581.26,42571.32,42325.11,306.00569404,12951724.660869343
2024-01-01 04:00:00+00:00,1704081600,42200.0,42393.48,42325.1,42389.77,296.23364415,12557276.041780343
2024-01-01 05:00:00+00:00,1704085200,42175.65,42396.09,42389.78,42231.47,188.12803304,7944923.383487768
2024-01-01 06:00:00+00:00,1704088800,42199.63,42463.83,42231.47,42400.9,327.01097562,13865559.67616606
2024-01-01 07:00:00+00:00,1704092400,42396.8,42534.49,42400.9,42496.49,407.83509647,17331560.098786388
2024-01-01 08:00:00+00:00,1704096000,42451.0,42560.26,42496.58,42552.7,134.06671357,5704900.642530139
2024-01-01 09:00:00+00:00,1704099600,42533.77,42692.84,42552.7,42650.97,128.15734914,5466035.253449666
2024-01-01 10:00:00+00:00,1704103200,42625.75,42750.0,42650.97,42688.5,118.45739606,5056768.55170731
2024-01-01 11:00:00+00:00,1704106800,42598.94,42767.6,42686.73,42690.0,135.17767163,5770734.8018847
2024-01-01 12:00:00+00:00,1704110400,42610.77,42778.74,42690.0,42647.83,143.37801956,6114761.403931555
2024-01-01 13:00:00+00:00,1704114000,42608.98,42750.0,42647.85,42715.88,101.79862461,4348417.833005806
2024-01-01 14:00:00+00:00,1704117600,42581.54,42723.28,42717.53,42635.19,254.33100221,10843450.60211377
2024-01-01 15:00:00+00:00,1704121200,42601.88,42868.74,42633.57,42797.33,323.61489552,13849853.476484962
2024-01-01 16:00:00+00:00,1704124800,42680.01,42880.97,42799.37,42742.35,330.02411038,14106006.034300594
2024-01-01 17:00:00+00:00,1704128400,42720.76,42846.42,42738.88,42833.66,254.87224522,10917111.095190106
2024-01-01 18:00:00+00:00,1704132000,42835.63,43228.37,42835.63,43120.92,625.46169612,26970483.76145483
2024-01-01 19:00:00+00:00,1704135600,43106.97,43567.46,43123.82,43547.61,506.45180878,22054765.852546018
2024-01-01 20:00:00+00:00,1704139200,43537.04,43849.9,43537.04,43701.58,559.329005,24443561.258327905
2024-01-01 21:00:00+00:00,1704142800,43467.97,43800.0,43703.06,43632.21,313.9919145,13700161.151766043
2024-01-01 22:00:00+00:00,1704146400,43389.0,43677.06,43631.79,43546.06,247.53944937,10779367.714632982
2024-01-01 23:00:00+00:00,1704150000,43545.99,44240.8,43545.99,44220.78,1273.32282294,56307328.42220869
2024-01-02 00:00:00+00:00,1704153600,44195.13,45250.0,44220.78,45093.17,3023.79309599,136352416.1223034
2024-01-02 01:00:00+00:00,1704157200,44714.89,45417.45,45093.14,44894.58,1983.08278927,89029668.92950515
2024-01-02 02:00:00+00:00,1704160800,44891.4,45500.0,44891.41,45485.31,1913.57794861,87039686.20168991
2024-01-02 03:00:00+00:00,1704164400,45178.34,45601.0,45485.32,45473.97,1512.83393522,68794564.98517622
2024-01-02 04:00:00+00:00,1704168000,45204.47,45544.1,45476.27,45218.83,681.15946183,30801233.90738226
2024-01-02 05:00:00+00:00,1704171600,45131.0,45370.54,45218.84,45216.32,484.73208503,21917801.07098369
2024-01-02 06:00:00+00:00,1704175200,45166.39,45361.61,45214.41,45208.54,495.63760214,22407052.36185028
2024-01-02 07:00:00+00:00,1704178800,45209.48,45707.69,45209.48,45504.64,976.92127284,44454450.828925975
2024-01-02 08:00:00+00:00,1704182400,45382.34,45899.96,45504.4,45808.07,759.88216942,34808735.60854322
2024-01-02 09:00:00+00:00,1704186000,45667.11,45925.82,45811.28,45711.49,445.16191357,20349014.36053592
2024-01-02 10:00:00+00:00,1704189600,45470.45,45755.41,45709.47,45621.38,364.26498347,16618271.231578588
2024-01-02 11:00:00+00:00,1704193200,45243.78,45740.73,45621.04,45487.83,627.05320656,28523289.660956167
2024-01-02 12:00:00+00:00,1704196800,45312.06,45640.61,45488.9,45339.3,774.42064835,35111690.10173515
2024-01-02 13:00:00+00:00,1704200400,45304.21,45758.91,45339.29,45691.05,1190.57365039,54398560.188652016
2024-01-02 14:00:00+00:00,1704204000,45051.88,45863.46,45690.96,45300.8,1820.2348196,82458093.51573569
2024-01-02 15:00:00+00:00,1704207600,44888.01,45375.82,45305.12,45236.25,2215.95819452,100241638.87685534
2024-01-02 16:00:00+00:00,1704211200,44922.07,45433.69,45235.85,45395.48,1264.45061808,57400342.74403828
2024-01-02 17:00:00+00:00,1704214800,44973.95,45421.4,45395.48,44997.95,1379.44514311,62072203.577406615
2024-01-02 18:00:00+00:00,1704218400,44965.62,45298.73,44995.01,45172.54,1243.5620799,56174857.79676595
2024-01-02 19:00:00+00:00,1704222000,44823.75,45268.0,45172.24,45055.75,2148.4656125,96800729.52039687
2024-01-02 20:00:00+00:00,1704225600,44759.12,45198.6,45052.18,44801.96,1619.42849644,72553570.72036502
2024-01-02 21:00:00+00:00,1704229200,44630.29,45130.0,44799.33,45128.54,1239.54014932,55938637.21019359
2024-01-02 22:00:00+00:00,1704232800,44861.08,45307.07,45128.54,45000.74,687.63293989,30943991.14342552
2024-01-02 23:00:00+00:00,1704236400,44812.99,45075.85,45000.37,44972.8,731.57126142,32900808.02558938
2024-01-03 00:00:00+00:00,1704240000,44884.14,45235.2,44972.81,45156.5,735.39433892,33207834.46544098
2024-01-03 01:00:00+00:00,1704243600,45126.68,45356.36,45156.5,45341.12,431.60632334,19569514.099317744
2024-01-03 02:00:00+00:00,1704247200,45239.62,45432.39,45341.12,45299.77,500.96138042,22693435.311908506
2024-01-03 03:00:00+00:00,1704250800,45176.12,45333.64,45303.0,45286.95,319.77873273,14481803.480206871
2024-01-03 04:00:00+00:00,1704254400,45140.01,45297.02,45289.08,45203.08,307.63754146,13906164.397619698
2024-01-03 05:00:00+00:00,1704258000,45122.08,45312.12,45199.81,45184.54,301.63469103,13629224.762232676
2024-01-03 06:00:00+00:00,1704261600,45172.77,45383.66,45184.18,45344.02,409.60834767,18573289.10891544
2024-01-03 07:00:00+00:00,1704265200,44957.01,45405.55,45348.52,45027.43,351.1015341,15809199.749580365
2024-01-03 08:00:00+00:00,1704268800,45021.26,45223.9,45027.43,45219.26,638.07379955,28853225.041039333
2024-01-03 09:00:00+00:00,1704272400,45200.22,45519.32,45221.54,45358.71,394.51805741,17894830.15582354
2024-01-03 10:00:00+00:00,1704276000,45046.48,45405.81,45358.72,45163.58,284.16231102,12833787.266736653
2024-01-03 11:00:00+00:00,1704279600,43500.01,45191.38,45163.58,43737.06,2503.33868908,109488674.44461332
2024-01-03 12:00:00+00:00,1704283200,40625.68,43755.53,43751.15,42815.1,7304.22692534,312731206.23112464
2024-01-03 13:00:00+00:00,1704286800,42336.01,42847.47,42826.62,42568.41,2379.30524173,101283241.04511176
2024-01-03 14:00:00+00:00,1704290400,42068.74,42570.09,42570.09,42206.31,2346.89530529,99053790.7926144
2024-01-03 15:00:00+00:00,1704294000,42196.68,43055.18,42199.85,43017.35,2535.72538251,109080186.28331655
2024-01-03 16:00:00+00:00,1704297600,42838.11,43598.26,43022.18,43025.7,2158.23244161,92859461.56297936
2024-01-03 17:00:00+00:00,1704301200,42638.37,43063.98,43025.7,42931.89,1749.512694,75109886.53241166
2024-01-03 18:00:00+00:00,1704304800,42012.35,43074.73,42926.82,42263.16,1866.40658356,78880240.06604965
2024-01-03 19:00:00+00:00,1704308400,42169.98,43039.65,42268.77,42613.07,1626.88968386,69326763.98060405
2024-01-03 20:00:00+00:00,1704312000,42537.25,42862.6,42612.31,42739.95,1125.35059939,48097428.35039863
2024-01-03 21:00:00+00:00,1704315600,42600.2,42987.96,42742.69,42943.2,1032.28851452,44329772.13673526
2024-01-03 22:00:00+00:00,1704319200,42609.32,42961.36,42946.4,42764.33,592.97229691,25358062.98591721
2024-01-03 23:00:00+00:00,1704322800,42606.48,42866.04,42764.12,42862.44,386.23092806,16554799.980116067
2024-01-04 00:00:00+00:00,1704326400,42772.39,43000.0,42860.58,42899.27,445.82953409,19125761.556901112
2024-01-04 01:00:00+00:00,1704330000,42650.0,42957.71,42899.26,42736.8,417.58586819,17846283.731662393
2024-01-04 02:00:00+00:00,1704333600,42715.95,43247.15,42735.34,43168.23,437.02808255,18865728.78397739
2024-01-04 03:00:00+00:00,1704337200,43030.63,43248.05,43168.23,43138.05,277.04280765,11951086.488546085
2024-01-04 04:00:00+00:00,1704340800,42995.0,43235.55,43140.26,43187.16,389.67455655,16828937.421653897
2024-01-04 05:00:00+00:00,1704344400,43102.65,43307.18,43183.44,43218.7,232.91566369,10066312.194319002
2024-01-04 06:00:00+00:00,1704348000,43113.07,43266.21,43218.91,43193.14,247.37371639,10684847.564353565
2024-01-04 07:00:00+00:00,1704351600,42795.01,43297.79,43190.63,42795.01,537.25590281,22991871.733312976
2024-01-04 08:00:00+00:00,1704355200,42756.1,43001.49,42801.45,42880.65,298.26623255,12789849.924795156
2024-01-04 09:00:00+00:00,1704358800,42880.64,43114.43,42880.65,43048.96,312.14850639,13437668.565642854
2024-01-04 10:00:00+00:00,1704362400,42699.43,43136.82,43048.96,43121.14,555.51047272,23954244.865625303
2024-01-04 11:00:00+00:00,1704366000,42984.23,43281.13,43117.9,43226.07,409.8596799,17716623.213534992
2024-01-04 12:00:00+00:00,1704369600,43136.57,43461.04,43226.06,43430.62,813.68206418,35338716.53021719
2024-01-04 13:00:00+00:00,1704373200,43211.11,43538.57,43427.03,43391.03,459.43827739,19935500.07737781
2024-01-04 14:00:00+00:00,1704376800,43284.63,43783.72,43392.8,43713.68,1055.37710711,46134417.13953227
2024-01-04 15:00:00+00:00,1704380400,43641.82,44355.54,43708.84,44095.63,2020.02605717,89074321.60732716
2024-01-04 16:00:00+00:00,1704384000,43824.13,44177.23,44095.63,43966.02,1587.51270541,69796615.35631017
2024-01-04 17:00:00+00:00,1704387600,43876.8,44313.31,43963.62,44052.54,1484.90761493,65413952.10300842
2024-01-04 18:00:00+00:00,1704391200,43928.72,44212.9,44052.54,44100.66,856.79965158,37785430.12244805
2024-01-04 19:00:00+00:00,1704394800,43979.5,44489.48,44100.99,44006.83,1229.21148449,54093700.83199907
2024-01-04 20:00:00+00:00,1704398400,43945.18,44778.78,44006.76,44163.05,1495.71149366,66055181.48008127
2024-01-04 21:00:00+00:00,1704402000,44163.05,44656.61,44163.05,44489.99,1300.28503828,57849668.35022681
2024-01-04 22:00:00+00:00,1704405600,44208.3,44800.0,44492.8,44368.33,910.4587877,40395535.94407354
2024-01-04 23:00:00+00:00,1704409200,44108.97,44413.89,44374.05,44193.29,416.39695138,18401951.22745224
2024-01-05 00:00:00+00:00,1704412800,44036.64,44304.62,44198.35,44268.78,605.46698554,26803284.78013344
2024-01-05 01:00:00+00:00,1704416400,42450.0,44336.28,44265.05,43440.98,2103.90590432,91395734.31144704
2024-01-05 02:00:00+00:00,1704420000,43340.44,43999.0,43433.02,43552.12,1032.56553656,44970418.15612552
2024-01-05 03:00:00+00:00,1704423600,43457.17,43815.74,43552.11,43511.08,510.64406679,22218674.841625035
2024-01-05 04:00:00+00:00,1704427200,43236.22,43665.72,43509.15,43627.22,613.67417372,26772898.185200658
2024-01-05 05:00:00+00:00,1704430800,43546.11,43747.01,43627.23,43675.01,384.04762079,16773283.67847946
2024-01-05 06:00:00+00:00,1704434400,43601.98,43957.53,43668.72,43880.41,331.89619278,14563741.01662544
2024-01-05 07:00:00+00:00,1704438000,43752.49,43967.75,43880.41,43810.31,363.27206527,15915061.793818932
2024-01-05 08:00:00+00:00,1704441600,43801.93,43988.03,43812.63,43953.39,334.27958162,14692720.81998069
2024-01-05 09:00:00+00:00,1704445200,43948.65,44344.93,43949.74,44179.74,739.58505811,32674675.575184688
2024-01-05 10:00:00+00:00,1704448800,43505.08,44191.05,44181.67,43657.49,468.30379635,20444968.306112163
2024-01-05 11:00:00+00:00,1704452400,43637.82,43951.42,43660.71,43808.86,372.22147988,16306598.701055735
2024-01-05 12:00:00+00:00,1704456000,43654.84,44145.25,43807.58,43917.82,506.15129975,22229061.675186545
2024-01-05 13:00:00+00:00,1704459600,43755.01,44124.66,43918.46,44026.64,526.79769064,23193132.27863865
2024-01-05 14:00:00+00:00,1704463200,43208.44,44108.68,44025.02,43517.5,1104.97683229,48085829.29918008
2024-01-05 15:00:00+00:00,1704466800,43382.66,43842.67,43523.66,43525.45,993.46446761,43240988.01173567
2024-01-05 16:00:00+00:00,1704470400,43245.84,43622.89,43525.44,43256.79,827.89276924,35811983.66153314
2024-01-05 17:00:00+00:00,1704474000,43114.4,43658.06,43259.61,43642.56,907.76390092,39617140.51173515
2024-01-05 18:00:00+00:00,1704477600,43438.57,43717.28,43642.55,43643.66,576.07631939,25142079.01750857
2024-01-05 19:00:00+00:00,1704481200,43550.0,43845.84,43643.72,43623.3,646.73616385,28212765.696477707
2024-01-05 20:00:00+00:00,1704484800,43622.04,44443.37,43624.5,43985.82,2026.42121729,89133798.90789883
2024-01-05 21:00:00+00:00,1704488400,43616.57,44008.99,43994.28,43974.15,1061.37400666,46673019.77496784
2024-01-05 22:00:00+00:00,1704492000,43796.3,44086.22,43972.4,44009.61,416.58072737,18333555.345070023
2024-01-05 23:00:00+00:00,1704495600,44009.61,44372.58,44009.62,44186.59,618.99775821,27351400.152944405
2024-01-06 00:00:00+00:00,1704499200,44015.04,44260.95,44187.76,44108.38,355.79235756,15693424.508352352
2024-01-06 01:00:00+00:00,1704502800,43954.43,44140.4,44111.58,44013.3,209.82288481,9234997.576007972
2024-01-06 02:00:00+00:00,1704506400,43870.01,44055.03,44013.3,43946.91,233.2321773,10249833.504907144
2024-01-06 03:00:00+00:00,1704510000,43862.35,44066.11,43946.1,43973.32,249.89847669,10988865.683001911
2024-01-06 04:00:00+00:00,1704513600,43875.0,44015.96,43973.32,43891.9,144.30932422,6334010.4277318185
2024-01-06 05:00:00+00:00,1704517200,43630.15,43913.11,43891.88,43739.15,224.52015242,9820320.624721242
2024-01-06 06:00:00+00:00,1704520800,43456.5,43742.79,43739.36,43496.42,247.06157538,10746294.04859014
2024-01-06 07:00:00+00:00,1704524400,43436.5,43712.28,43494.48,43696.57,227.33682596,9933839.529138956
2024-01-06 08:00:00+00:00,1704528000,43577.58,43770.28,43696.47,43736.14,159.2642176,6965602.117944064
2024-01-06 09:00:00+00:00,1704531600,43666.83,43793.39,43733.23,43685.66,92.77449202,4052914.9150584335
2024-01-06 10:00:00+00:00,1704535200,43609.92,43799.91,43685.07,43725.13,95.58535972,4179482.279853764
2024-01-06 11:00:00+00:00,1704538800,43648.56,43736.98,43725.12,43705.54,92.21504459,4030308.319930029
2024-01-06 12:00:00+00:00,1704542400,43564.33,43784.26,43705.15,43645.2,238.5734128,10412584.31633856
2024-01-06 13:00:00+00:00,1704546000,43582.49,43771.7,43645.19,43733.91,295.98581204,12944616.865034277
2024-01-06 14:00:00+00:00,1704549600,43727.39,43958.96,43735.73,43859.42,495.56687086,21735275.5271345
2024-01-06 15:00:00+00:00,1704553200,43818.01,43937.48,43860.17,43901.64,258.75435555,11359740.565788103
2024-01-06 16:00:00+00:00,1704556800,43857.61,44010.14,43901.64,43901.82,181.08598282,7950004.222286732
2024-01-06 17:00:00+00:00,1704560400,43872.6,44040.43,43900.67,43998.26,223.10970376,9816438.754555458
2024-01-06 18:00:00+00:00,1704564000,43916.19,44179.72,44000.01,44028.64,318.17915739,14008995.57622765
2024-01-06 19:00:00+00:00,1704567600,43857.62,44054.06,44031.64,43939.48,202.65663028,8904626.953055454
2024-01-06 20:00:00+00:00,1704571200,43697.62,44042.99,43940.3,43857.88,499.77236313,21918956.32947196
2024-01-06 21:00:00+00:00,1704574800,43752.36,43971.48,43860.0,43919.4,226.06216248,9928514.538824111
2024-01-06 22:00:00+00:00,1704578400,43778.9,43956.3,43919.39,43907.26,159.384128,6998120.347969281
2024-01-06 23:00:00+00:00,1704582000,43761.83,44005.06,43907.27,43992.44,260.49113605,11459640.673211465
2024-01-07 00:00:00+00:00,1704585600,43942.72,44287.82,43992.79,44147.42,468.44454838,20680618.22404218
2024-01-07 01:00:00+00:00,1704589200,43989.42,44194.1,44143.21,43996.3,157.75366455,6940577.551641165
2024-01-07 02:00:00+00:00,1704592800,43866.4,44120.37,43996.28,43962.7,224.1892833,9855966.20493291
2024-01-07 03:00:00+00:00,1704596400,43928.96,44066.27,43959.67,43970.54,191.34892567,8413715.590129763
2024-01-07 04:00:00+00:00,1704600000,43909.78,44068.3,43971.1,44025.32,137.71192146,6062811.410091368
2024-01-07 05:00:00+00:00,1704603600,43870.0,44095.32,44025.32,43912.15,151.85914753,6668461.66520949
2024-01-07 06:00:00+00:00,1704607200,43881.51,44116.01,43913.5,44052.32,194.95305211,8588134.236526394
2024-01-07 07:00:00+00:00,1704610800,44017.81,44128.88,44053.2,44114.27,133.02847681,5868454.143685078
2024-01-07 08:00:00+00:00,1704614400,44029.54,44197.54,44115.58,44046.42,139.53908246,6146197.0324477935
2024-01-07 09:00:00+00:00,1704618000,43907.58,44094.67,44046.39,43964.01,114.90381735,5051632.575013573
2024-01-07 10:00:00+00:00,1704621600,43932.56,44023.97,43964.0,43988.31,79.18582702,3483250.7065621363
2024-01-07 11:00:00+00:00,1704625200,43987.5,44151.01,43987.5,44092.19,126.93875546,5597007.724105857
2024-01-07 12:00:00+00:00,1704628800,43998.51,44172.12,44092.18,44121.29,83.53494313,3685669.450972238
2024-01-07 13:00:00+00:00,1704632400,44102.87,44469.66,44121.29,44425.07,405.68495347,18022582.45585149
2024-01-07 14:00:00+00:00,1704636000,44304.17,44510.01,44425.45,44432.69,274.64016581,12203001.348984327
2024-01-07 15:00:00+00:00,1704639600,43968.76,44458.45,44434.31,44078.77,356.74208206,15724752.184443863
2024-01-07 16:00:00+00:00,1704643200,43883.65,44217.55,44078.77,43951.76,358.74716245,15767569.184683414
2024-01-07 17:00:00+00:00,1704646800,43724.94,44124.91,43951.75,44092.18,294.30682312,12976629.420235202
2024-01-07 18:00:00+00:00,1704650400,44061.18,44206.92,44090.54,44129.94,150.67278647,6649181.026553912
2024-01-07 19:00:00+00:00,1704654000,44065.0,44289.21,44130.01,44274.65,183.45374893,8122350.525063625
2024-01-07 20:00:00+00:00,1704657600,44147.0,44307.47,44273.44,44147.01,294.33739499,12994115.919997482
2024-01-07 21:00:00+00:00,1704661200,44135.38,44285.11,44151.0,44257.18,204.33753465,9043403.051761288
2024-01-07 22:00:00+00:00,1704664800,43779.72,44257.19,44257.19,43892.05,478.18059077,20988326.39910638
2024-01-07 23:00:00+00:00,1704668400,43629.7,44055.25,43893.3,43950.28,726.85181888,31945340.958285287
2024-01-08 00:00:00+00:00,1704672000,43648.16,44000.0,43954.52,43653.23,375.61139972,16396650.822599098
2024-01-08 01:00:00+00:00,1704675600,43627.56,43840.01,43659.42,43741.5,676.87199109,29607396.198263235
2024-01-08 02:00:00+00:00,1704679200,43200.44,43832.64,43741.5,43399.33,533.52993,23154841.4969469
2024-01-08 03:00:00+00:00,1704682800,43253.2,43589.0,43397.09,43539.23,555.7885002,24198603.34156285
2024-01-08 04:00:00+00:00,1704686400,43447.51,43635.25,43542.92,43617.94,350.62521078,15293549.406289391
2024-01-08 05:00:00+00:00,1704690000,43486.85,43670.71,43618.47,43661.1,253.70755968,11077151.133944448
2024-01-08 06:00:00+00:00,1704693600,43604.3,44384.0,43662.42,43931.51,1135.08666469,49866071.16069538
2024-01-08 07:00:00+00:00,1704697200,43809.65,44095.09,43922.71,43994.5,275.91671507,12138817.921147116
2024-01-08 08:00:00+00:00,1704700800,43867.29,44087.3,43994.49,43886.18,169.26684869,7428475.389642104
2024-01-08 09:00:00+00:00,1704704400,43649.99,43943.49,43886.42,43744.96,216.93769201,9489930.65946977
2024-01-08 10:00:00+00:00,1704708000,43712.84,44153.4,43745.5,44105.02,344.91069615,15212293.151909672
2024-01-08 11:00:00+00:00,1704711600,43976.01,44732.74,44105.84,44658.71,762.55950945,34054923.99026981
2024-01-08 12:00:00+00:00,1704715200,44422.31,45210.0,44656.58,45167.92,2284.70692292,103195459.51789673
2024-01-08 13:00:00+00:00,1704718800,44868.59,45218.95,45167.9,44958.8,1129.66694405,50788470.20415514
2024-01-08 14:00:00+00:00,1704722400,44772.78,45139.0,44961.44,44825.46,997.23307481,44701431.30557266
2024-01-08 15:00:00+00:00,1704726000,44707.86,45410.0,44822.43,45002.43,1278.65591752,57542623.42227957
2024-01-08 16:00:00+00:00,1704729600,44832.46,45196.3,44998.98,44981.26,1164.69301598,52389359.37198053
2024-01-08 17:00:00+00:00,1704733200,44943.3,45782.41,44981.26,45710.21,1935.80922165,88486246.04155804
2024-01-08 18:00:00+00:00,1704736800,45706.26,47050.0,45706.26,47031.31,4521.27225812,212641357.1660417
2024-01-08 19:00:00+00:00,1704740400,46630.85,47330.0,47032.28,47030.2,2593.49547189,121972610.74208106
2024-01-08 20:00:00+00:00,1704744000,46753.0,47214.66,47027.9,46815.29,2128.69739699,99655585.96233198
2024-01-08 21:00:00+00:00,1704747600,46697.05,47256.81,46819.18,47116.0,1593.39259751,75074285.62428117
2024-01-08 22:00:00+00:00,1704751200,46850.0,47168.74,47117.38,47044.02,662.15727868,31150540.26136749
2024-01-08 23:00:00+00:00,1704754800,46870.0,47153.82,47044.02,46995.1,506.5804486,23806798.84000186
2024-01-09 00:00:00+00:00,1704758400,46254.68,47196.0,46995.09,46706.42,1268.26784538,59236250.658813335
2024-01-09 01:00:00+00:00,1704762000,46303.96,46832.63,46705.55,46584.99,997.58479652,46472477.77003624
2024-01-09 02:00:00+00:00,1704765600,46511.98,46820.0,46586.36,46814.13,486.18333179,22760249.6982502
2024-01-09 03:00:00+00:00,1704769200,46785.0,47010.74,46814.13,46964.72,436.75674362,20512158.172225088
2024-01-09 04:00:00+00:00,1704772800,46706.93,46981.07,46965.82,46829.65,380.39437448,17813735.418867335
2024-01-09 05:00:00+00:00,1704776400,46627.74,46891.03,46833.23,46742.78,257.17818382,12021223.26709782
2024-01-09 06:00:00+00:00,1704780000,46692.88,46875.13,46747.09,46813.77,205.50867861,9620636.01345246
2024-01-09 07:00:00+00:00,1704783600,46758.05,46960.29,46812.95,46847.83,180.38901951,8450834.119871164
2024-01-09 08:00:00+00:00,1704787200,46537.96,46898.11,46850.96,46573.46,278.13177732,12953559.205741929
2024-01-09 09:00:00+00:00,1704790800,46434.05,46712.69,46572.41,46515.62,271.9054849,12647852.211524138
2024-01-09 10:00:00+00:00,1704794400,46414.83,46705.68,46510.98,46464.36,163.6443411,7603629.576833196
2024-01-09 11:00:00+00:00,1704798000,46447.23,46663.69,46464.36,46643.78,345.44925388,16113058.999142868
2024-01-09 12:00:00+00:00,1704801600,45526.96,47044.13,46643.78,46193.87,1382.08726511,63843959.45314688
2024-01-09 13:00:00+00:00,1704805200,46080.27,47077.63,46193.78,46858.17,1182.45481162,55407668.58020794
2024-01-09 14:00:00+00:00,1704808800,46500.0,47025.5,46854.54,46574.36,1165.23316317,54269988.82541832
2024-01-09 15:00:00+00:00,1704812400,46446.02,47032.29,46560.83,46876.36,1376.6239009,64531117.563192725
2024-01-09 16:00:00+00:00,1704816000,46744.23,46993.06,46875.24,46921.73,889.68027572,41745337.683659405
2024-01-09 17:00:00+00:00,1704819600,46649.99,46944.75,46920.14,46738.77,696.4509713,32551261.7638673
2024-01-09 18:00:00+00:00,1704823200,46522.01,46758.89,46740.84,46657.29,853.10071856,39803367.6250623
2024-01-09 19:00:00+00:00,1704826800,46589.25,46903.46,46658.71,46890.1,653.20770609,30628974.659330707
2024-01-09 20:00:00+00:00,1704830400,46593.78,46940.0,46888.27,46651.31,1086.52774306,50687942.5650924
2024-01-09 21:00:00+00:00,1704834000,44701.54,47901.0,46649.39,45419.45,8919.95661989,405139523.6992628
2024-01-09 22:00:00+00:00,1704837600,45275.03,46286.39,45420.1,46278.06,1915.36659212,88639450.07212488
2024-01-09 23:00:00+00:00,1704841200,45933.43,46276.18,46272.94,46124.08,913.48006195,42133427.45578676
2024-01-10 00:00:00+00:00,1704844800,45794.3,46248.84,46120.79,45861.33,1129.73847847,51811309.174810566
2024-01-10 01:00:00+00:00,1704848400,45613.22,45965.88,45862.2,45941.48,578.55113233,26579495.27491605
2024-01-10 02:00:00+00:00,1704852000,45889.72,46098.75,45936.64,45995.5,429.68151684,19763416.20781422
2024-01-10 03:00:00+00:00,1704855600,45940.82,46222.77,45994.12,46132.33,380.93463946,17573402.495999742
2024-01-10 04:00:00+00:00,1704859200,45962.78,46199.08,46130.57,45981.19,421.35642015,19374469.61263698
2024-01-10 05:00:00+00:00,1704862800,45904.15,46038.57,45981.74,45981.95,342.88689941,15766608.264325649
2024-01-10 06:00:00+00:00,1704866400,45885.51,46073.49,45981.95,46026.56,260.57274584,11993267.120769508
2024-01-10 07:00:00+00:00,1704870000,45745.38,46041.64,46026.56,45768.43,435.77557865,19944764.06715202
2024-01-10 08:00:00+00:00,1704873600,45320.39,45869.1,45768.43,45338.99,782.83864579,35493113.53308635
2024-01-10 09:00:00+00:00,1704877200,45326.38,45699.24,45340.12,45674.25,583.69489109,26659826.37936744
2024-01-10 10:00:00+00:00,1704880800,45550.02,45748.43,45672.35,45552.0,317.83897806,14478201.12858912
2024-01-10 11:00:00+00:00,1704884400,45030.0,45673.42,45552.66,45526.41,869.2774608,39575082.08413973
2024-01-10 12:00:00+00:00,1704888000,44378.31,45663.31,45529.63,44687.73,2048.9388172,91562424.64955296
2024-01-10 13:00:00+00:00,1704891600,44320.01,45394.24,44687.72,45124.46,1393.12778681,62864139.09079637
2024-01-10 14:00:00+00:00,1704895200,44809.01,45415.84,45121.4,44866.8,1405.29105564,63050912.73518875
2024-01-10 15:00:00+00:00,1704898800,44787.55,45645.03,44866.79,45557.32,2215.5173999,100933035.15281226
2024-01-10 16:00:00+00:00,1704902400,45188.68,45710.4,45563.31,45317.86,1506.21335409,68258365.91078104
2024-01-10 17:00:00+00:00,1704906000,45239.22,46474.02,45317.87,46414.8,1940.67562105,90076070.81591156
2024-01-10 18:00:00+00:00,1704909600,45909.05,46660.8,46423.13,46554.78,1872.96085807,87195280.69606008
2024-01-10 19:00:00+00:00,1704913200,46096.54,46755.73,46554.77,46518.14,1766.96127179,82195751.81570527
2024-01-10 20:00:00+00:00,1704916800,44813.0,46538.97,46514.45,46144.39,5815.95171005,268373543.9297141
2024-01-10 21:00:00+00:00,1704920400,45129.54,46343.62,46144.91,45946.36,4362.89682677,200459228.24563208
2024-01-10 22:00:00+00:00,1704924000,45765.68,46976.99,45954.81,46928.33,2569.36534335,120576024.7232921
2024-01-10 23:00:00+00:00,1704927600,46413.58,47732.5,46928.33,46666.11,3103.35022705,144821283.06404027
2024-01-11 00:00:00+00:00,1704931200,46306.11,46733.44,46678.54,46690.37,872.83191865,40752845.229578406
2024-01-11 01:00:00+00:00,1704934800,46485.15,46783.33,46693.61,46525.87,675.2054326,31414520.180441365
2024-01-11 02:00:00+00:00,1704938400,46510.0,46651.74,46525.87,46571.95,481.58982695,22428577.34122405
2024-01-11 03:00:00+00:00,1704942000,46219.3,46610.93,46571.95,46513.73,880.23964912,40943229.37446242
2024-01-11 04:00:00+00:00,1704945600,46328.8,46521.65,46513.67,46411.68,412.47836562,19143813.91207844
2024-01-11 05:00:00+00:00,1704949200,45888.89,46429.16,46413.22,46079.26,800.90918232,36905302.44851069
2024-01-11 06:00:00+00:00,1704952800,45623.02,46104.0,46079.25,45912.79,723.98843811,33240329.121372424
2024-01-11 07:00:00+00:00,1704956400,45890.48,46170.38,45912.79,46102.74,678.58922403,31284822.56225684
2024-01-11 08:00:00+00:00,1704960000,46059.42,46319.13,46102.73,46281.31,399.17255746,18474228.87529908
2024-01-11 09:00:00+00:00,1704963600,46211.1,46350.0,46281.32,46222.33,268.68965566,12419461.93150289
2024-01-11 10:00:00+00:00,1704967200,46206.04,46869.54,46221.4,46869.49,842.26672695,39476611.93611576
2024-01-11 11:00:00+00:00,1704970800,46713.05,47165.69,46867.53,47076.78,654.2873784,30801742.96971355
2024-01-11 12:00:00+00:00,1704974400,46962.3,47488.0,47076.78,47471.92,884.53173246,41990419.64080252
2024-01-11 13:00:00+00:00,1704978000,46824.0,47468.92,47468.92,47363.38,1978.04236737,93686772.30184492
2024-01-11 14:00:00+00:00,1704981600,47250.01,49102.29,47362.06,48633.4,7062.58688678,343477613.09952646
2024-01-11 15:00:00+00:00,1704985200,46422.0,48742.99,48644.26,46702.94,4676.89035966,218424529.85377944
2024-01-11 16:00:00+00:00,1704988800,45699.13,46977.51,46702.93,45936.39,4747.6342425,218089178.14083457
2024-01-11 17:00:00+00:00,1704992400,45555.55,46541.0,45937.92,46477.9,2696.55190187,125330069.63992368
2024-01-11 18:00:00+00:00,1704996000,46255.19,46664.9,46475.26,46608.55,1167.29198719,54405786.94954448
2024-01-11 19:00:00+00:00,1704999600,46288.01,46746.21,46615.51,46698.61,1303.13756157,60854712.76410841
2024-01-11 20:00:00+00:00,1705003200,46160.4,47016.13,46702.09,46289.15,4282.89890009,198251749.62110105
2024-01-11 21:00:00+00:00,1705006800,46121.95,46469.63,46278.92,46160.99,718.74101486,33177796.799542308
2024-01-11 22:00:00+00:00,1705010400,46086.41,46446.2,46161.53,46411.76,455.67233259,21148554.93880726
2024-01-11 23:00:00+00:00,1705014000,46300.0,46498.62,46411.77,46342.66,486.66714541,22553450.0529062
2024-01-12 00:00:00+00:00,1705017600,46056.32,46522.2,46344.96,46293.97,680.20305363,31489299.75865561
2024-01-12 01:00:00+00:00,1705021200,45902.28,46339.41,46293.97,46143.21,609.17741002,28109401.157808963
2024-01-12 02:00:00+00:00,1705024800,45996.79,46259.23,46143.22,46145.0,395.74207051,18261517.84368395
2024-01-12 03:00:00+00:00,1705028400,45922.49,46191.44,46145.0,46000.0,413.35054881,19014125.24526
2024-01-12 04:00:00+00:00,1705032000,45854.07,46115.13,46000.87,45956.16,341.91893225,15713281.15751016
2024-01-12 05:00:00+00:00,1705035600,45890.36,46217.26,45956.16,46193.2,400.4201296,18496687.13063872
2024-01-12 06:00:00+00:00,1705039200,46106.25,46368.85,46191.94,46106.64,448.0705081,20659025.611583784
2024-01-12 07:00:00+00:00,1705042800,45762.55,46149.99,46106.64,46033.88,1033.18431436,47561482.74513051
2024-01-12 08:00:00+00:00,1705046400,45645.01,46033.88,46033.88,45880.44,439.18756373,20150118.666460443
2024-01-12 09:00:00+00:00,1705050000,45549.08,46072.93,45879.65,45928.55,571.0747632,26228635.81536936
2024-01-12 10:00:00+00:00,1705053600,45840.46,46143.91,45926.76,46066.29,318.07332933,14652458.230181284
2024-01-12 11:00:00+00:00,1705057200,45935.96,46277.06,46070.2,45953.91,833.45034637,38300302.20655581
2024-01-12 12:00:00+00:00,1705060800,45667.38,46115.66,45953.9,45867.7,685.45498801,31440243.753546275
2024-01-12 13:00:00+00:00,1705064400,45593.1,45946.96,45866.89,45778.12,685.12670002,31363812.288719565
2024-01-12 14:00:00+00:00,1705068000,45210.0,45907.02,45779.6,45440.11,2743.77763424,124677557.51540536
2024-01-12 15:00:00+00:00,1705071600,44195.09,45457.57,45440.12,44378.39,4843.37465877,214941169.52301195
2024-01-12 16:00:00+00:00,1705075200,43134.34,44589.82,44378.39,43538.08,6879.19424167,299506909.2293678
2024-01-12 17:00:00+00:00,1705078800,43185.89,43724.81,43533.52,43674.41,5886.08691876,257071373.38556096
2024-01-12 18:00:00+00:00,1705082400,43255.19,43835.66,43674.4,43415.67,3399.93881476,147610621.60181126
2024-01-12 19:00:00+00:00,1705086000,43225.47,43674.19,43415.68,43422.8,2552.80907884,110850118.06865355
2024-01-12 20:00:00+00:00,1705089600,43381.18,44034.0,43420.65,43648.18,7085.97648117,309289976.9258748
2024-01-12 21:00:00+00:00,1705093200,43214.51,43867.92,43643.4,43420.37,923.42605397,40095500.93101737
2024-01-12 22:00:00+00:00,1705096800,41444.97,43441.02,43418.51,42484.61,3703.43156757,157338845.8099001
2024-01-12 23:00:00+00:00,1705100400,42454.25,42941.17,42485.23,42773.03,989.9833643,42344588.140704826
2024-01-13 00:00:00+00:00,1705104000,42745.92,42974.99,42775.1,42786.61,734.47579248,31425729.28728269
2024-01-13 01:00:00+00:00,1705107600,42504.43,42878.37,42784.86,42651.61,739.53107458,31542190.97586708
2024-01-13 02:00:00+00:00,1705111200,42515.57,42841.78,42655.96,42526.02,420.80857814,17895314.0101532
2024-01-13 03:00:00+00:00,1705114800,42427.0,42666.32,42520.66,42600.5,478.96514513,20404154.66511057
2024-01-13 04:00:00+00:00,1705118400,42542.01,42850.03,42600.49,42829.03,336.41466211,14408313.655949052
2024-01-13 05:00:00+00:00,1705122000,42758.68,43127.13,42828.7,43091.24,522.99929588,22536688.17859609
2024-01-13 06:00:00+00:00,1705125600,42945.98,43174.05,43091.24,43142.33,386.14256082,16659089.785941511
2024-01-13 07:00:00+00:00,1705129200,43061.16,43248.79,43145.37,43096.5,337.02841018,14524744.879322369
2024-01-13 08:00:00+00:00,1705132800,43066.63,43250.0,43099.44,43167.46,247.62195384,10689210.787510049
2024-01-13 09:00:00+00:00,1705136400,42819.61,43194.27,43164.32,42916.63,420.14482259,18031199.89751067
2024-01-13 10:00:00+00:00,1705140000,42620.13,42919.98,42916.72,42689.38,500.35466678,21359830.5049448
2024-01-13 11:00:00+00:00,1705143600,42500.0,42793.47,42691.3,42610.82,678.50035616,28911456.54626965
2024-01-13 12:00:00+00:00,1705147200,42495.0,42743.77,42610.59,42676.3,497.77241206,21243084.78879618
2024-01-13 13:00:00+00:00,1705150800,42590.53,42783.9,42676.3,42732.22,427.43626163,18265300.36795072
2024-01-13 14:00:00+00:00,1705154400,42631.31,42956.02,42731.49,42847.17,569.753191,24412311.83281947
2024-01-13 15:00:00+00:00,1705158000,42841.25,43240.33,42847.16,43142.62,490.70647994,21170363.195589043
2024-01-13 16:00:00+00:00,1705161600,42789.25,43174.89,43142.84,42886.74,730.20529834,31316124.77653001
2024-01-13 17:00:00+00:00,1705165200,42761.78,42980.99,42884.81,42890.19,444.87289485,19080682.98596652
2024-01-13 18:00:00+00:00,1705168800,42720.0,42899.44,42889.12,42787.16,447.10452336,19130332.77772806
2024-01-13 19:00:00+00:00,1705172400,42766.97,42978.12,42791.43,42775.81,482.80704274,20652462.32690812
2024-01-13 20:00:00+00:00,1705176000,42691.23,42914.48,42771.01,42858.62,329.46967877,14120615.763925496
2024-01-13 21:00:00+00:00,1705179600,42816.85,42974.99,42858.62,42956.11,241.24672451,10363020.835191255
2024-01-13 22:00:00+00:00,1705183200,42877.77,43035.36,42953.56,42982.97,273.79224273,11768403.755496308
2024-01-13 23:00:00+00:00,1705186800,42800.0,42989.72,42981.4,42839.33,260.60997402,11164356.678334206
2024-01-14 00:00:00+00:00,1705190400,42661.78,42883.62,42839.32,42679.2,316.24923541,13497264.36791047
2024-01-14 01:00:00+00:00,1705194000,42665.54,42840.0,42677.41,42765.02,251.61257367,10760216.745249022
2024-01-14 02:00:00+00:00,1705197600,42645.23,42811.35,42765.02,42762.37,293.85156181,12565789.211197091
2024-01-14 03:00:00+00:00,1705201200,42633.76,42794.41,42762.31,42666.9,237.98718652,10154175.488530189
2024-01-14 04:00:00+00:00,1705204800,42550.0,42685.1,42666.91,42567.13,360.22692062,15333826.15953122
2024-01-14 05:00:00+00:00,1705208400,42567.12,42793.69,42567.13,42737.8,147.24615207,6292976.597937246
2024-01-14 06:00:00+00:00,1705212000,42736.04,42985.65,42737.79,42983.48,168.59709778,7246889.980484676
2024-01-14 07:00:00+00:00,1705215600,42882.41,43049.99,42983.22,42998.66,296.55209148,12751342.55383742
2024-01-14 08:00:00+00:00,1705219200,42880.02,43015.49,42998.67,42983.12,132.9042193,5712638.006678216
2024-01-14 09:00:00+00:00,1705222800,42812.69,43064.13,42983.68,43045.03,143.82147775,6190799.824393083
2024-01-14 10:00:00+00:00,1705226400,42857.46,43054.86,43044.04,42877.67,155.49532141,6667277.077961914
2024-01-14 11:00:00+00:00,1705230000,42753.97,42943.89,42878.22,42814.52,160.13328931,6856029.9178287815
2024-01-14 12:00:00+00:00,1705233600,42705.88,42839.21,42814.97,42746.17,156.73838676,6699965.725968709
2024-01-14 13:00:00+00:00,1705237200,42730.36,42912.47,42748.59,42876.71,142.50496269,6110143.95881995
2024-01-14 14:00:00+00:00,1705240800,42778.45,42995.16,42877.46,42807.68,214.8484897,9197165.395560896
2024-01-14 15:00:00+00:00,1705244400,42784.0,42945.69,42803.49,42895.52,205.33906779,8808126.0891673
2024-01-14 16:00:00+00:00,1705248000,42847.42,42956.47,42895.51,42915.41,220.6949643,9471214.877869865
2024-01-14 17:00:00+00:00,1705251600,42859.22,42993.91,42917.12,42962.24,221.19302362,9502947.767088108
2024-01-14 18:00:00+00:00,1705255200,42820.92,42994.29,42961.26,42881.78,158.98721563,6817654.803458221
2024-01-14 19:00:00+00:00,1705258800,42610.0,42916.93,42881.78,42637.45,276.48275596,11788519.683106702
2024-01-14 20:00:00+00:00,1705262400,42165.65,42722.2,42637.13,42484.97,900.01115462,38236946.90369606
2024-01-14 21:00:00+00:00,1705266000,41944.0,42572.7,42484.98,42526.05,876.05658829,37255226.27644996
2024-01-14 22:00:00+00:00,1705269600,42050.12,42631.87,42524.23,42249.89,506.66754982,21406648.24646452
2024-01-14 23:00:00+00:00,1705273200,41680.73,42297.72,42249.93,41697.33,1290.06026734,53792068.68716421
2024-01-15 00:00:00+00:00,1705276800,41680.0,42336.38,41698.13,42260.9,809.91661927,34227805.25530754
2024-01-15 01:00:00+00:00,1705280400,42154.25,42377.57,42258.95,42253.33,432.90430383,18291648.408149254
2024-01-15 02:00:00+00:00,1705284000,42173.4,42389.45,42252.54,42379.79,280.52812039,11888722.83122292
2024-01-15 03:00:00+00:00,1705287600,42365.74,42623.68,42379.72,42551.44,522.45060769,22231025.68608457
2024-01-15 04:00:00+00:00,1705291200,42484.48,42622.32,42552.73,42585.41,388.64642907,16550667.52698187
2024-01-15 05:00:00+00:00,1705294800,42559.27,42810.75,42585.97,42727.84,623.46751511,26639420.23081766
2024-01-15 06:00:00+00:00,1705298400,42592.48,42780.82,42727.81,42634.68,418.31557652,17834750.743945714
2024-01-15 07:00:00+00:00,1705302000,42500.0,42746.63,42634.68,42689.78,418.45992196,17863962.007289566
2024-01-15 08:00:00+00:00,1705305600,42611.56,42748.02,42690.02,42646.1,455.68556006,19433211.962874766
2024-01-15 09:00:00+00:00,1705309200,42559.51,42733.08,42642.09,42718.43,252.43454923,10783607.62086331
2024-01-15 10:00:00+00:00,1705312800,42506.08,42730.56,42728.38,42535.96,304.73922157,12962375.339132655
2024-01-15 11:00:00+00:00,1705316400,42511.07,42683.99,42536.88,42677.05,297.28188439,12687113.844206251
2024-01-15 12:00:00+00:00,1705320000,42548.34,42699.39,42674.75,42643.8,202.75013843,8646036.353181234
2024-01-15 13:00:00+00:00,1705323600,42590.08,42932.82,42643.8,42831.8,316.15008744,13541277.315212592
2024-01-15 14:00:00+00:00,1705327200,42145.75,42848.24,42832.27,42173.26,775.78043774,32717190.10372284
2024-01-15 15:00:00+00:00,1705330800,42133.97,42447.15,42176.64,42249.31,492.94071483,20826405.072474267
2024-01-15 16:00:00+00:00,1705334400,42223.0,42534.99,42249.31,42492.02,356.54961314,15150513.292537142
2024-01-15 17:00:00+00:00,1705338000,42491.63,42748.22,42495.93,42668.97,450.70101038,19230947.89087391
2024-01-15 18:00:00+00:00,1705341600,42665.13,43331.91,42669.67,42979.1,1123.12577153,48270934.84716503
2024-01-15 19:00:00+00:00,1705345200,42776.9,43100.0,42979.02,42951.22,523.37865697,22479751.838823
2024-01-15 20:00:00+00:00,1705348800,42816.41,43075.0,42952.34,42924.82,372.38141355,15984405.14797931
2024-01-15 21:00:00+00:00,1705352400,42670.01,42931.78,42929.86,42685.1,284.18789832,12130588.85857903
2024-01-15 22:00:00+00:00,1705356000,42317.48,42769.98,42685.27,42588.65,390.78384845,16642956.547290092
2024-01-15 23:00:00+00:00,1705359600,42434.13,42615.68,42590.01,42490.16,375.89840589,15971983.410011044
2024-01-16 00:00:00+00:00,1705363200,42438.58,42648.41,42481.69,42565.99,483.60337446,20585056.40123061
2024-01-16 01:00:00+00:00,1705366800,42517.04,42692.53,42565.98,42543.93,349.91799821,14886886.821586365
2024-01-16 02:00:00+00:00,1705370400,42500.0,42695.0,42543.91,42666.84,361.19844874,15411196.42063778
2024-01-16 03:00:00+00:00,1705374000,42658.6,42904.17,42671.08,42883.79,354.19743978,15189328.626063168
2024-01-16 04:00:00+00:00,1705377600,42712.97,42908.81,42884.73,42755.56,230.93610484,9873802.48665291
2024-01-16 05:00:00+00:00,1705381200,42711.89,42885.68,42758.57,42725.63,224.52213036,9592849.468573129
2024-01-16 06:00:00+00:00,1705384800,42605.57,42737.2,42724.92,42698.63,239.40378306,10222213.553479208
2024-01-16 07:00:00+00:00,1705388400,42565.0,42748.69,42700.51,42743.94,184.98925372,7907169.561652457
2024-01-16 08:00:00+00:00,1705392000,42663.86,42983.21,42743.98,42972.19,468.51760371,20133227.484970827
2024-01-16 09:00:00+00:00,1705395600,42856.58,43112.62,42969.42,42887.79,468.23345066,20081497.902881444
2024-01-16 10:00:00+00:00,1705399200,42805.01,42921.46,42890.25,42827.58,157.61505124,6750271.2161852
2024-01-16 11:00:00+00:00,1705402800,42720.08,42900.0,42826.82,42862.62,196.46469165,8420991.421611123
2024-01-16 12:00:00+00:00,1705406400,42820.78,43133.67,42862.96,43123.57,318.05803606,13715797.982095934
2024-01-16 13:00:00+00:00,1705410000,42685.88,43139.32,43126.98,42770.51,554.26942727,23706386.08174581
2024-01-16 14:00:00+00:00,1705413600,42028.02,42923.07,42771.6,42674.65,1867.47082755,79693663.9509066
2024-01-16 15:00:00+00:00,1705417200,42524.85,43305.03,42670.16,43242.02,1823.48205961,78851047.69129682
2024-01-16 16:00:00+00:00,1705420800,43010.22,43417.79,43235.71,43247.55,1079.78774941,46698174.68199645
2024-01-16 17:00:00+00:00,1705424400,43017.96,43247.56,43245.58,43040.87,1038.61662021,44702962.93029799
2024-01-16 18:00:00+00:00,1705428000,42821.62,43157.1,43039.73,43023.76,851.40444347,36630620.43878685
2024-01-16 19:00:00+00:00,1705431600,42944.04,43171.82,43018.77,43144.79,1038.54487931,44807800.723405294
2024-01-16 20:00:00+00:00,1705435200,43026.45,43377.19,43151.62,43170.0,4219.81911221,182169591.07410568
2024-01-16 21:00:00+00:00,1705438800,43153.96,43569.23,43169.99,43428.79,854.72884961,37119839.71665427
2024-01-16 22:00:00+00:00,1705442400,43193.04,43489.47,43429.17,43200.02,403.65179875,17437765.779035974
2024-01-16 23:00:00+00:00,1705446000,43107.73,43282.82,43200.02,43130.45,411.00740671,17726934.40473532
2024-01-17 00:00:00+00:00,1705449600,43041.87,43172.04,43130.35,43081.74,292.67351231,12608884.16222622
2024-01-17 01:00:00+00:00,1705453200,42951.01,43185.47,43083.43,42958.66,280.41672685,12046326.82706202
2024-01-17 02:00:00+00:00,1705456800,42902.77,43051.09,42958.76,42978.26,276.77384001,11895258.057148185
2024-01-17 03:00:00+00:00,1705460400,42830.13,43015.72,42978.86,42832.17,224.18718965,9602423.81891104
2024-01-17 04:00:00+00:00,1705464000,42758.36,42906.52,42832.69,42824.87,268.19150495,11485266.334588109
2024-01-17 05:00:00+00:00,1705467600,42740.88,42899.96,42823.48,42760.71,186.59298655,7978848.585898451
2024-01-17 06:00:00+00:00,1705471200,42737.96,42854.24,42761.09,42789.32,202.80767758,8678002.614427445
2024-01-17 07:00:00+00:00,1705474800,42598.17,42836.16,42789.82,42632.54,302.74933022,12906972.930577358
2024-01-17 08:00:00+00:00,1705478400,42538.5,42726.12,42630.34,42699.29,242.66863617,10361778.46972732
2024-01-17 09:00:00+00:00,1705482000,42643.76,42800.0,42699.29,42651.04,179.00059107,7634561.369750214
2024-01-17 10:00:00+00:00,1705485600,42593.68,42824.8,42651.65,42820.57,265.91260886,11386529.48157225
2024-01-17 11:00:00+00:00,1705489200,42637.57,42820.13,42819.72,42652.34,181.08949492,7723890.707756111
2024-01-17 12:00:00+00:00,1705492800,42383.13,42751.92,42650.48,42743.44,589.78946739,25209630.712016422
2024-01-17 13:00:00+00:00,1705496400,42484.27,42743.02,42740.91,42577.13,427.35548775,18195570.15814516
2024-01-17 14:00:00+00:00,1705500000,42340.0,42895.39,42577.84,42550.13,1330.0625959,56594336.36368246
2024-01-17 15:00:00+00:00,1705503600,42444.44,42736.79,42549.81,42452.52,982.54381958,41711461.15159634
2024-01-17 16:00:00+00:00,1705507200,42214.0,42527.03,42450.43,42316.48,973.38671271,41190299.36065847
2024-01-17 17:00:00+00:00,1705510800,42160.0,42430.57,42319.79,42331.83,798.9865654,33822563.45879669
2024-01-17 18:00:00+00:00,1705514400,42236.8,42572.87,42331.98,42569.29,1040.21705256,44281301.37337189
2024-01-17 19:00:00+00:00,1705518000,42513.61,42710.56,42571.4,42568.09,1050.2144197,44705621.93708737
2024-01-17 20:00:00+00:00,1705521600,42480.75,42844.18,42565.2,42636.74,4691.31088964,200022202.6607493
2024-01-17 21:00:00+00:00,1705525200,42523.39,42782.66,42636.35,42637.12,857.81126292,36574601.75447159
2024-01-17 22:00:00+00:00,1705528800,42413.01,42690.49,42637.36,42686.19,258.32052828,11026719.151060456
2024-01-17 23:00:00+00:00,1705532400,42574.48,42747.3,42684.71,42739.49,474.39747663,20275506.20845312
2024-01-18 00:00:00+00:00,1705536000,42577.91,42749.95,42737.68,42624.13,302.82892514,12907819.472927628
2024-01-18 01:00:00+00:00,1705539600,42471.19,42679.16,42626.32,42551.25,233.3515583,9929400.495112875
2024-01-18 02:00:00+00:00,1705543200,42546.03,42692.22,42551.24,42613.54,163.65434739,6973891.078677661
2024-01-18 03:00:00+00:00,1705546800,42501.01,42636.41,42613.71,42542.12,200.11850543,8513465.472223712
2024-01-18 04:00:00+00:00,1705550400,42538.04,42647.94,42543.28,42624.11,203.21761425,8661969.943729568
2024-01-18 05:00:00+00:00,1705554000,42589.32,42741.55,42624.97,42728.56,339.72040152,14515763.55957141
2024-01-18 06:00:00+00:00,1705557600,42701.82,42832.09,42728.74,42750.9,770.56134116,32942190.83979705
2024-01-18 07:00:00+00:00,1705561200,42744.87,42866.93,42751.05,42863.19,288.31971299,12358302.63863584
2024-01-18 08:00:00+00:00,1705564800,42663.14,42877.22,42864.29,42687.27,261.42725292,11159615.730754329
2024-01-18 09:00:00+00:00,1705568400,42655.78,42824.61,42688.95,42692.81,354.67429259,15142042.185429277
2024-01-18 10:00:00+00:00,1705572000,42340.07,42724.8,42692.8,42401.21,591.02741245,25060277.431049068
2024-01-18 11:00:00+00:00,1705575600,42335.46,42500.0,42394.21,42493.86,729.46902204,30997954.496904675
2024-01-18 12:00:00+00:00,1705579200,42313.0,42504.6,42493.86,42392.61,436.52998882,18505645.569350623
2024-01-18 13:00:00+00:00,1705582800,42320.08,42622.29,42392.81,42463.24,705.74942129,29968407.05609838
2024-01-18 14:00:00+00:00,1705586400,42385.58,42699.68,42462.92,42696.24,1020.09760526,43554332.17760623
2024-01-18 15:00:00+00:00,1705590000,42566.07,42768.01,42692.92,42575.72,583.00974923,24822059.840486698
2024-01-18 16:00:00+00:00,1705593600,41675.87,42575.71,42575.71,41887.57,1999.68732878,83762042.96238527
2024-01-18 17:00:00+00:00,1705597200,41429.97,42107.35,41885.06,41756.71,2049.71504632,85589356.77182081
2024-01-18 18:00:00+00:00,1705600800,41316.0,41855.95,41754.45,41450.0,1931.08607791,80043517.92936951
2024-01-18 19:00:00+00:00,1705604400,40765.0,41530.0,41449.98,40966.62,3262.39361881,133649239.67221414
2024-01-18 20:00:00+00:00,1705608000,40600.05,41259.88,40969.38,40677.76,6189.99270212,251795037.53858888
2024-01-18 21:00:00+00:00,1705611600,40659.79,41210.99,40671.76,41068.61,1664.61417613,68363390.39995427
2024-01-18 22:00:00+00:00,1705615200,41018.23,41332.4,41065.49,41315.53,497.58912461,20558158.40549819
2024-01-18 23:00:00+00:00,1705618800,41160.46,41322.49,41315.53,41293.5,310.6497309,12827814.66291915
2024-01-19 00:00:00+00:00,1705622400,41055.42,41331.7,41290.57,41249.28,419.90515944,17320785.4951852
2024-01-19 01:00:00+00:00,1705626000,41075.0,41291.92,41249.27,41224.56,335.35232203,13824751.920665056
2024-01-19 02:00:00+00:00,1705629600,41035.66,41260.8,41224.57,41067.29,273.41850077,11228556.862486811
2024-01-19 03:00:00+00:00,1705633200,40710.0,41095.0,41064.01,41004.0,702.44544488,28803073.02185952
2024-01-19 04:00:00+00:00,1705636800,40984.05,41166.85,41002.91,41050.96,469.64867414,19279528.936174177
2024-01-19 05:00:00+00:00,1705640400,41009.49,41187.74,41050.97,41165.96,284.96222701,11730743.63860458
2024-01-19 06:00:00+00:00,1705644000,41144.69,41471.77,41167.45,41424.66,333.16714005,13801335.499743637
2024-01-19 07:00:00+00:00,1705647600,41203.53,41532.11,41425.45,41212.6,1168.48583237,48156339.21513186
2024-01-19 08:00:00+00:00,1705651200,41089.23,41328.18,41212.4,41235.14,346.14868095,14273489.319788584
2024-01-19 09:00:00+00:00,1705654800,41190.24,41407.84,41232.13,41347.69,395.05063837,16334431.329624869
2024-01-19 10:00:00+00:00,1705658400,41282.92,41437.65,41341.52,41434.39,318.78166479,13208523.823758127
2024-01-19 11:00:00+00:00,1705662000,41320.0,41461.53,41434.39,41420.51,292.01887192,12095570.60455108
2024-01-19 12:00:00+00:00,1705665600,41215.78,41443.62,41420.46,41288.23,390.67061345,16130098.142364696
2024-01-19 13:00:00+00:00,1705669200,41217.17,41379.49,41289.08,41346.0,443.79930423,18349326.03269358
2024-01-19 14:00:00+00:00,1705672800,40797.23,41412.86,41349.95,40914.33,1456.17125942,59578271.44442549
2024-01-19 15:00:00+00:00,1705676400,40664.47,41112.71,40916.5,40847.23,1549.47357026,63291703.30333139
2024-01-19 16:00:00+00:00,1705680000,40245.1,40896.2,40847.23,40354.99,1994.94216089,80505870.95329434
2024-01-19 17:00:00+00:00,1705683600,40236.49,41187.73,40354.07,41181.49,2116.49802854,87160542.39733973
2024-01-19 18:00:00+00:00,1705687200,40950.83,41928.54,41178.72,41760.83,2091.04630916,87323829.4389582
2024-01-19 19:00:00+00:00,1705690800,41522.5,41867.15,41760.8,41770.1,1223.39505851,51101333.93346854
2024-01-19 20:00:00+00:00,1705694400,41299.94,42159.52,41768.33,41543.06,4518.43613972,187709663.6585564
2024-01-19 21:00:00+00:00,1705698000,41483.02,41800.61,41558.03,41596.22,994.23624392,41356469.53406999
2024-01-19 22:00:00+00:00,1705701600,41495.63,41696.42,41596.23,41644.41,284.38321657,11842971.267959874
2024-01-19 23:00:00+00:00,1705705200,41573.84,41682.46,41643.66,41624.07,342.45045805,14254181.837405264
2024-01-20 00:00:00+00:00,1705708800,41418.55,41645.71,41623.94,41450.98,311.80864093,12924773.739016611
2024-01-20 01:00:00+00:00,1705712400,41450.42,41666.67,41451.31,41624.94,231.14863784,9621548.18117173
2024-01-20 02:00:00+00:00,1705716000,41496.77,41629.63,41623.55,41591.21,189.02536896,7861793.815742842
2024-01-20 03:00:00+00:00,1705719600,41489.63,41624.67,41589.32,41604.51,195.3519398,8127521.732928499
2024-01-20 04:00:00+00:00,1705723200,41546.27,41635.66,41604.5,41577.02,163.87652894,6813497.7212689575
2024-01-20 05:00:00+00:00,1705726800,41542.01,41620.77,41575.8,41603.31,130.30163218,5420979.197090516
2024-01-20 06:00:00+00:00,1705730400,41596.13,41673.15,41602.28,41644.25,154.77780302,6445605.523415634
2024-01-20 07:00:00+00:00,1705734000,41617.9,41749.99,41641.61,41629.81,132.91173972,5533090.471313054
2024-01-20 08:00:00+00:00,1705737600,41492.92,41647.02,41630.66,41564.48,251.34757886,10447131.414574891
2024-01-20 09:00:00+00:00,1705741200,41428.19,41620.15,41564.48,41492.47,189.22711967,7851500.586093886
2024-01-20 10:00:00+00:00,1705744800,41465.3,41587.22,41492.05,41511.69,169.52468206,7037256.049023282
2024-01-20 11:00:00+00:00,1705748400,41443.01,41594.0,41509.03,41557.73,219.27343563,9112506.23408392
2024-01-20 12:00:00+00:00,1705752000,41512.95,41671.36,41557.74,41589.3,162.40860805,6754460.322773865
2024-01-20 13:00:00+00:00,1705755600,41554.32,41663.74,41591.83,41607.79,136.69722302,5687669.348999326
2024-01-20 14:00:00+00:00,1705759200,41462.91,41620.65,41607.79,41515.86,185.21745366,7689461.875705047
2024-01-20 15:00:00+00:00,1705762800,41452.86,41654.39,41517.19,41540.84,226.67749446,9416373.528963745
2024-01-20 16:00:00+00:00,1705766400,41509.08,41620.2,41541.45,41536.24,244.65389711,10162002.987296266
2024-01-20 17:00:00+00:00,1705770000,41514.49,41603.88,41536.24,41560.43,117.87382356,4898886.792897731
2024-01-20 18:00:00+00:00,1705773600,41500.0,41604.92,41555.81,41580.08,143.45963231,5965062.988220384
2024-01-20 19:00:00+00:00,1705777200,41567.24,41651.05,41580.07,41604.48,186.17514048,7745719.908597351
2024-01-20 20:00:00+00:00,1705780800,41582.76,41788.08,41605.13,41722.28,470.32304268,19622949.67714691
2024-01-20 21:00:00+00:00,1705784400,41697.11,41846.15,41722.09,41701.27,306.17229349,12767773.477345731
2024-01-20 22:00:00+00:00,1705788000,41643.93,41787.38,41701.38,41748.66,155.28954432,6483130.387370612
2024-01-20 23:00:00+00:00,1705791600,41600.56,41779.98,41748.66,41666.67,163.10798894,6796166.74952663
2024-01-21 00:00:00+00:00,1705795200,41601.01,41704.14,41666.67,41620.99,129.44084609,5387456.160703429
2024-01-21 01:00:00+00:00,1705798800,41605.0,41699.22,41620.48,41635.89,146.73648439,6109504.123048756
2024-01-21 02:00:00+00:00,1705802400,41630.47,41694.82,41635.9,41678.97,79.52365423,3314463.998942544
2024-01-21 03:00:00+00:00,1705806000,41642.88,41709.16,41678.98,41662.71,149.3872215,6223876.487060266
2024-01-21 04:00:00+00:00,1705809600,41630.0,41668.45,41662.7,41655.19,81.4885622,3394421.5412678183
2024-01-21 05:00:00+00:00,1705813200,41603.53,41676.4,41655.19,41609.82,65.94499163,2743959.2316258065
2024-01-21 06:00:00+00:00,1705816800,41547.42,41635.66,41609.82,41578.27,84.64207483,3519271.040641944
2024-01-21 07:00:00+00:00,1705820400,41562.09,41648.31,41580.21,41627.58,53.20968032,2214990.224295225
2024-01-21 08:00:00+00:00,1705824000,41627.58,41691.74,41627.58,41641.0,57.51282534,2394891.55998294
2024-01-21 09:00:00+00:00,1705827600,41640.97,41719.52,41641.0,41719.52,61.92642859,2583540.8760890765
2024-01-21 10:00:00+00:00,1705831200,41680.82,41803.92,41719.53,41761.13,125.59216714,5244870.818915268
2024-01-21 11:00:00+00:00,1705834800,41666.58,41774.19,41763.22,41697.82,65.30842473,2723218.9388750885
2024-01-21 12:00:00+00:00,1705838400,41672.02,41795.16,41697.82,41715.34,97.22996667,4055981.117827717
2024-01-21 13:00:00+00:00,1705842000,41715.34,41837.26,41715.35,41831.81,135.85979954,5683261.320995367
2024-01-21 14:00:00+00:00,1705845600,41734.33,41858.59,41831.82,41759.08,108.09522621,4513957.198921488
2024-01-21 15:00:00+00:00,1705849200,41581.75,41837.22,41759.08,41632.12,262.28255195,10919378.676688636
2024-01-21 16:00:00+00:00,1705852800,41510.02,41651.61,41632.12,41583.99,253.90788903,10558503.11834463
2024-01-21 17:00:00+00:00,1705856400,41571.92,41682.29,41585.28,41655.17,144.35410368,6013094.728988025
2024-01-21 18:00:00+00:00,1705860000,41602.68,41708.47,41655.14,41665.37,103.63365301,4317934.497113264
2024-01-21 19:00:00+00:00,1705863600,41607.17,41704.99,41665.38,41704.99,100.95913112,4210499.553768288
2024-01-21 20:00:00+00:00,1705867200,41600.54,41755.0,41704.99,41631.72,252.44921228,10509894.919861522
2024-01-21 21:00:00+00:00,1705870800,41601.37,41789.61,41631.46,41760.68,135.66159538,5665320.472953659
2024-01-21 22:00:00+00:00,1705874400,41600.84,41766.33,41760.81,41612.21,144.03379297,5993564.440164164
2024-01-21 23:00:00+00:00,1705878000,41472.49,41655.29,41611.69,41554.05,299.08266166,12428095.876752725
2024-01-22 00:00:00+00:00,1705881600,41440.0,41648.0,41553.92,41626.33,230.38987472,9590284.953753378
2024-01-22 01:00:00+00:00,1705885200,41244.59,41658.0,41617.63,41336.5,750.74856824,31033318.19105276
2024-01-22 02:00:00+00:00,1705888800,41236.62,41401.77,41337.84,41291.21,199.75805208,8248251.677626217
2024-01-22 03:00:00+00:00,1705892400,41000.0,41320.42,41287.61,41164.16,593.42479575,24427833.240220323
2024-01-22 04:00:00+00:00,1705896000,40738.0,41191.11,41164.16,40757.5,721.58510341,29410004.852233075
2024-01-22 05:00:00+00:00,1705899600,40663.99,41126.84,40758.6,41099.71,856.61135616,35206478.320882715
2024-01-22 06:00:00+00:00,1705903200,40971.69,41275.5,41099.71,41165.09,595.13731971,24498881.32822092
2024-01-22 07:00:00+00:00,1705906800,40939.05,41174.85,41166.67,41005.19,244.72782132,10035110.81151265
2024-01-22 08:00:00+00:00,1705910400,40725.01,41004.93,41004.93,40919.06,503.21611817,20591130.53236532
2024-01-22 09:00:00+00:00,1705914000,40568.0,41012.01,40917.76,40713.65,700.9538826,28538391.04231749
2024-01-22 10:00:00+00:00,1705917600,40331.48,40820.39,40712.71,40664.98,1132.99648296,46073279.31963875
2024-01-22 11:00:00+00:00,1705921200,40633.48,40900.6,40669.19,40771.74,477.94039345,19486461.457241103
2024-01-22 12:00:00+00:00,1705924800,40650.01,40884.15,40771.73,40847.17,482.39650003,19704531.84413041
2024-01-22 13:00:00+00:00,1705928400,40825.65,41200.0,40844.71,40909.27,703.48658164,28779122.509687804
2024-01-22 14:00:00+00:00,1705932000,40490.02,40948.46,40909.27,40667.27,1426.47220758,58010730.41315191
2024-01-22 15:00:00+00:00,1705935600,40306.0,40795.32,40662.64,40708.12,1809.57526296,73664406.95360723
2024-01-22 16:00:00+00:00,1705939200,40335.86,40814.13,40710.26,40460.66,956.81412359,38713330.937772974
2024-01-22 17:00:00+00:00,1705942800,40404.0,40760.79,40464.43,40660.87,712.32606597,28963797.566017594
2024-01-22 18:00:00+00:00,1705946400,40026.82,40745.14,40663.14,40261.78,1572.70714195,63319988.95361968
2024-01-22 19:00:00+00:00,1705950000,39372.44,40510.0,40259.64,39784.41,4390.97572204,174692378.4256854
2024-01-22 20:00:00+00:00,1705953600,39723.32,40327.55,39784.4,40139.74,4416.73591272,177286631.1852435
2024-01-22 21:00:00+00:00,1705957200,39797.79,40164.25,40139.74,39808.12,1223.26388249,48695835.42582782
2024-01-22 22:00:00+00:00,1705960800,39445.0,40038.74,39808.12,39789.59,933.8981301,37159423.698445655
2024-01-22 23:00:00+00:00,1705964400,39432.01,39923.46,39789.6,39524.27,903.20208724,35698403.16063731
2024-01-23 00:00:00+00:00,1705968000,39467.29,39846.81,39524.27,39824.0,801.84169548,31932543.68079552
2024-01-23 01:00:00+00:00,1705971600,39667.67,39873.34,39825.34,39790.57,465.79869868,18534395.725735445
2024-01-23 02:00:00+00:00,1705975200,39768.8,40035.12,39790.34,40030.22,513.65079157,20561554.189721245
2024-01-23 03:00:00+00:00,1705978800,39945.31,40087.7,40030.23,39973.58,356.2679005,14241303.42206879
2024-01-23 04:00:00+00:00,1705982400,39970.03,40144.49,39971.83,40018.53,331.58200555,13269424.436562842
2024-01-23 05:00:00+00:00,1705986000,40010.68,40085.75,40018.52,40020.0,373.38683842,14942941.2735684
2024-01-23 06:00:00+00:00,1705989600,39917.02,40082.62,40020.0,39979.82,313.90893153,12550022.578961724
2024-01-23 07:00:00+00:00,1705993200,39620.04,39990.32,39979.82,39741.74,410.85809163,16328215.454455636
2024-01-23 08:00:00+00:00,1705996800,39317.42,39823.34,39739.78,39428.9,901.20297387,35533441.93642285
2024-01-23 09:00:00+00:00,1706000400,38893.02,39459.92,39422.64,38923.21,1722.41362555,67041867.25414401
2024-01-23 10:00:00+00:00,1706004000,38824.0,39123.45,38928.0,38887.63,660.33067287,25678694.884219594
2024-01-23 11:00:00+00:00,1706007600,38600.9,39016.23,38885.84,38809.59,766.95866283,29765351.251380537
2024-01-23 12:00:00+00:00,1706011200,38715.88,39042.28,38807.6,39016.87,618.91500364,24148126.238071408
2024-01-23 13:00:00+00:00,1706014800,38810.0,39030.86,39016.62,38814.3,435.67720859,16910505.87737484
2024-01-23 14:00:00+00:00,1706018400,38501.0,38849.99,38814.3,38706.24,1433.56686007,55487982.94191584
2024-01-23 15:00:00+00:00,1706022000,38705.0,39409.03,38705.01,39164.39,1477.21860534,57854365.57479184
2024-01-23 16:00:00+00:00,1706025600,38880.69,39336.48,39164.66,39269.53,1008.81851937,39615829.1109558
2024-01-23 17:00:00+00:00,1706029200,39220.21,39606.27,39269.53,39363.76,1228.56060245,48360764.700297214
2024-01-23 18:00:00+00:00,1706032800,39055.0,39610.54,39363.76,39055.0,981.65766826,38338640.2338943
2024-01-23 19:00:00+00:00,1706036400,38953.91,39257.33,39056.13,39113.25,866.59786253,33895458.84660152
2024-01-23 20:00:00+00:00,1706040000,38966.51,39360.0,39113.28,39120.89,4055.77765278,158665631.41886458
2024-01-23 21:00:00+00:00,1706043600,39030.81,39272.74,39111.76,39184.92,1086.81312555,42586685.37962671
2024-01-23 22:00:00+00:00,1706047200,39163.55,39521.54,39187.24,39439.31,385.41823903,15200629.408758268
2024-01-23 23:00:00+00:00,1706050800,39431.18,39891.68,39440.35,39878.3,769.34111036,30680015.60126919
2024-01-24 00:00:00+00:00,1706054400,39761.0,40260.35,39878.28,40172.4,877.53680959,35252759.72957332
2024-01-24 01:00:00+00:00,1706058000,39742.78,40173.05,40173.05,39755.82,424.76200422,16886761.78260956
2024-01-24 02:00:00+00:00,1706061600,39685.93,39874.63,39754.99,39736.73,379.40439465,15076289.991020495
2024-01-24 03:00:00+00:00,1706065200,39543.96,39774.31,39738.62,39592.99,339.73757601,13451226.449588168
2024-01-24 04:00:00+00:00,1706068800,39535.85,39724.39,39592.98,39631.41,250.9684447,9946233.328968028
2024-01-24 05:00:00+00:00,1706072400,39628.97,39817.42,39631.23,39766.8,325.30994015,12936535.32795702
2024-01-24 06:00:00+00:00,1706076000,39630.92,39859.0,39764.66,39849.88,231.48275014,9224559.815148983
2024-01-24 07:00:00+00:00,1706079600,39782.03,40138.37,39849.87,39954.2,331.52452172,13245797.045705223
2024-01-24 08:00:00+00:00,1706083200,39826.47,40101.43,39954.66,39921.06,240.37906834,9596187.20994524
2024-01-24 09:00:00+00:00,1706086800,39877.99,40072.33,39917.98,39999.99,344.82567158,13793023.414943283
2024-01-24 10:00:00+00:00,1706090400,39955.77,40527.26,39998.64,40323.46,506.283488,20415101.97702848
2024-01-24 11:00:00+00:00,1706094000,40076.68,40353.63,40327.62,40192.06,373.58714902,15015237.10864078
2024-01-24 12:00:00+00:00,1706097600,39962.42,40284.4,40190.88,40020.11,344.0024073,13767014.180410804
2024-01-24 13:00:00+00:00,1706101200,39858.7,40099.01,40020.1,39963.98,374.34128469,14960167.614525467
2024-01-24 14:00:00+00:00,1706104800,39728.78,40186.81,39964.11,39889.2,965.01316868,38493603.288110256
2024-01-24 15:00:00+00:00,1706108400,39814.44,40093.58,39889.2,40028.59,1361.59831029,54502860.50729118
2024-01-24 16:00:00+00:00,1706112000,39770.81,40166.63,40030.01,40166.48,1253.58508142,50352100.1011548
2024-01-24 17:00:00+00:00,1706115600,40024.44,40185.2,40166.49,40115.45,718.11220604,28807394.29578732
2024-01-24 18:00:00+00:00,1706119200,39584.84,40130.4,40114.01,39735.52,1179.95217072,46886013.078687966
2024-01-24 19:00:00+00:00,1706122800,39605.9,39826.15,39736.37,39791.16,1155.83700102,45992095.04150698
2024-01-24 20:00:00+00:00,1706126400,39458.9,39988.28,39793.05,39471.37,2685.31316727,105992989.59118608
2024-01-24 21:00:00+00:00,1706130000,39382.15,39786.76,39478.85,39777.29,1829.69717177,72780395.01367511
2024-01-24 22:00:00+00:00,1706133600,39736.01,39894.19,39781.81,39868.12,497.3827422,19829714.851958662
2024-01-24 23:00:00+00:00,1706137200,39838.96,40169.97,39868.11,40077.78,448.34081716,17968504.635158703
2024-01-25 00:00:00+00:00,1706140800,40002.44,40170.0,40079.87,40158.67,481.92194186,19353344.228914924
2024-01-25 01:00:00+00:00,1706144400,39912.67,40167.43,40158.68,39969.51,443.45942619,17724855.969695468
2024-01-25 02:00:00+00:00,1706148000,39905.08,40060.02,39969.49,39933.01,336.03226627,13418779.849282572
2024-01-25 03:00:00+00:00,1706151600,39922.94,40087.18,39933.67,40004.12,410.10495706,16405887.914823089
2024-01-25 04:00:00+00:00,1706155200,39896.61,40020.92,40004.14,39944.06,232.13373299,9272363.758576538
2024-01-25 05:00:00+00:00,1706158800,39770.0,39954.51,39944.06,39855.74,281.45752852,11217698.077735703
2024-01-25 06:00:00+00:00,1706162400,39850.8,40029.99,39851.68,40010.6,192.18961055,7689621.63187183
2024-01-25 07:00:00+00:00,1706166000,39963.61,40113.09,40010.6,40102.71,190.27252712,7630443.976060496
2024-01-25 08:00:00+00:00,1706169600,40005.62,40157.74,40102.74,40057.73,123.24351521,4936855.456533073
2024-01-25 09:00:00+00:00,1706173200,40001.56,40114.94,40057.73,40012.24,125.03084666,5002764.243963118
2024-01-25 10:00:00+00:00,1706176800,39940.0,40101.61,40012.9,40088.78,169.09217468,6778698.99046809
2024-01-25 11:00:00+00:00,1706180400,40054.93,40282.87,40089.98,40154.39,309.01334404,12408242.331786336
2024-01-25 12:00:00+00:00,1706184000,39802.78,40264.95,40157.67,39840.95,417.00383041,16613828.757173289
2024-01-25 13:00:00+00:00,1706187600,39730.02,39947.37,39844.41,39899.45,372.01308678,14843117.55532427
2024-01-25 14:00:00+00:00,1706191200,39843.42,40077.01,39899.47,39990.71,425.32051092,17008869.209253553
2024-01-25 15:00:00+00:00,1706194800,39604.8,40022.66,39995.69,39781.43,788.49907742,31367620.85344832
2024-01-25 16:00:00+00:00,1706198400,39648.98,39825.88,39781.42,39683.54,877.85188983,34836270.5841444
2024-01-25 17:00:00+00:00,1706202000,39503.0,39810.0,39684.31,39773.73,864.29657157,34376298.47755086
2024-01-25 18:00:00+00:00,1706205600,39681.01,40000.0,39790.85,39819.45,1680.03966281,66898255.351279646
2024-01-25 19:00:00+00:00,1706209200,39708.57,39985.28,39819.6,39979.17,521.25434975,20839316.261894707
2024-01-25 20:00:00+00:00,1706212800,39583.56,39996.58,39980.0,39801.6,2424.1065823,96483320.54607168
2024-01-25 21:00:00+00:00,1706216400,39753.28,39918.38,39807.09,39904.07,935.93977452,37347806.278230295
2024-01-25 22:00:00+00:00,1706220000,39861.74,39968.34,39908.19,39936.78,193.21615394,7716431.032347913
2024-01-25 23:00:00+00:00,1706223600,39873.97,39969.27,39934.65,39941.66,184.12355761,7354200.5360490335
2024-01-26 00:00:00+00:00,1706227200,39865.11,39956.15,39941.66,39880.36,139.30861462,5555677.702146863
2024-01-26 01:00:00+00:00,1706230800,39805.95,39947.66,39878.87,39928.13,225.81585076,9016404.645205878
2024-01-26 02:00:00+00:00,1706234400,39927.32,40220.88,39927.32,40128.02,503.22149251,20193282.115871128
2024-01-26 03:00:00+00:00,1706238000,40043.96,40177.78,40128.34,40050.68,147.25954716,5897845.000250069
2024-01-26 04:00:00+00:00,1706241600,40043.75,40198.89,40050.68,40131.45,170.14547631,6828184.675260949
2024-01-26 05:00:00+00:00,1706245200,40065.24,40163.04,40131.45,40084.58,107.76577297,4319745.747877803
2024-01-26 06:00:00+00:00,1706248800,39970.0,40140.0,40084.58,39985.35,96.47038717,3857402.195627959
2024-01-26 07:00:00+00:00,1706252400,39880.36,40014.43,39985.35,39970.68,511.00535428,20425231.494212512
2024-01-26 08:00:00+00:00,1706256000,39960.11,40162.77,39970.33,40114.87,247.32366866,9921356.816218976
2024-01-26 09:00:00+00:00,1706259600,40020.72,40391.71,40114.87,40063.59,433.11273002,17352050.83930197
2024-01-26 10:00:00+00:00,1706263200,40051.67,40732.96,40058.01,40664.95,682.97176369,27773012.621865664
2024-01-26 11:00:00+00:00,1706266800,40657.61,41319.01,40660.41,41261.89,1119.18134675,46179537.61965037
2024-01-26 12:00:00+00:00,1706270400,41055.0,41487.72,41265.51,41122.88,1103.72391544,45388306.12776926
2024-01-26 13:00:00+00:00,1706274000,40897.4,41206.37,41120.94,40997.4,643.57565054,26384928.3754486
2024-01-26 14:00:00+00:00,1706277600,40995.08,41566.09,40997.19,41564.34,649.02967681,26976490.15702096
2024-01-26 15:00:00+00:00,1706281200,41175.22,41567.0,41566.97,41398.83,3552.76582622,147080348.46949133
2024-01-26 16:00:00+00:00,1706284800,41379.52,41995.0,41397.36,41954.39,2397.05491297,100566976.67015944
2024-01-26 17:00:00+00:00,1706288400,41735.64,42013.99,41954.44,41895.36,991.68117739,41546839.93197791
2024-01-26 18:00:00+00:00,1706292000,41832.38,42192.11,41895.95,42096.92,1446.12449544,60877387.19457804
2024-01-26 19:00:00+00:00,1706295600,41928.87,42119.37,42100.8,42060.65,700.54675861,29465452.02252969
2024-01-26 20:00:00+00:00,1706299200,41829.31,42243.14,42052.23,41967.75,2502.95729523,105043486.02688885
2024-01-26 21:00:00+00:00,1706302800,41859.74,42039.36,41967.75,41992.19,451.93832232,18977879.899142683
2024-01-26 22:00:00+00:00,1706306400,41816.26,42011.16,41988.17,41898.83,372.60126924,15611557.237670992
2024-01-26 23:00:00+00:00,1706310000,41794.4,41972.0,41897.28,41814.8,163.79790585,6849176.673536581
2024-01-27 00:00:00+00:00,1706313600,41705.3,41863.16,41814.96,41781.06,209.75761185,8763895.36616156
2024-01-27 01:00:00+00:00,1706317200,41764.94,41936.45,41781.04,41815.79,171.00427017,7150678.650531985
2024-01-27 02:00:00+00:00,1706320800,41809.05,41903.89,41815.6,41834.34,132.31714744,5535400.53383509
2024-01-27 03:00:00+00:00,1706324400,41754.71,41864.69,41834.34,41812.9,144.10202856,6025323.709976424
2024-01-27 04:00:00+00:00,1706328000,41778.28,41872.54,41810.86,41832.12,90.02197215,3765809.941615458
2024-01-27 05:00:00+00:00,1706331600,41728.07,41880.18,41832.12,41755.62,141.55176649,5910581.771885174
2024-01-27 06:00:00+00:00,1706335200,41684.04,41810.6,41755.61,41700.0,109.7900922,4578246.844740001
2024-01-27 07:00:00+00:00,1706338800,41600.0,41726.98,41699.99,41706.62,160.30446489,6685757.401470572
2024-01-27 08:00:00+00:00,1706342400,41417.34,41709.77,41706.63,41465.17,386.47624484,16025303.193252224
2024-01-27 09:00:00+00:00,1706346000,41383.94,41730.77,41466.6,41665.54,229.72055669,9571431.043589463
2024-01-27 10:00:00+00:00,1706349600,41640.64,41794.26,41663.78,41745.71,119.3361112,4981770.690682952
2024-01-27 11:00:00+00:00,1706353200,41700.0,41787.94,41745.71,41759.24,86.13256767,3596830.5651477706
2024-01-27 12:00:00+00:00,1706356800,41704.87,41801.85,41758.89,41745.29,62.89315651,2625493.0575253377
2024-01-27 13:00:00+00:00,1706360400,41720.68,41808.56,41744.21,41739.55,95.05722308,3967645.7156088143
2024-01-27 14:00:00+00:00,1706364000,41722.6,41818.75,41742.62,41761.12,116.07671615,4847493.672346088
2024-01-27 15:00:00+00:00,1706367600,41731.77,41894.75,41762.0,41814.55,142.19232621,5945708.133924356
2024-01-27 16:00:00+00:00,1706371200,41789.16,41903.27,41814.55,41809.18,128.5954872,5376471.871532496
2024-01-27 17:00:00+00:00,1706374800,41751.7,41848.91,41809.18,41778.41,194.19964441,8113352.366015188
2024-01-27 18:00:00+00:00,1706378400,41740.67,41816.05,41778.89,41794.59,116.6824465,4876695.011664434
2024-01-27 19:00:00+00:00,1706382000,41779.87,41987.76,41794.43,41911.68,244.22334491,10235810.68039755
2024-01-27 20:00:00+00:00,1706385600,41912.8,42072.19,41912.98,42056.66,180.37972167,7586168.625169823
2024-01-27 21:00:00+00:00,1706389200,42014.22,42174.87,42058.25,42150.26,180.70909284,7616935.247570139
2024-01-27 22:00:00+00:00,1706392800,42070.17,42199.99,42150.45,42155.01,174.97956285,7376265.221737379
2024-01-27 23:00:00+00:00,1706396400,42079.9,42171.38,42155.01,42126.55,157.94700786,6653762.523964684
2024-01-28 00:00:00+00:00,1706400000,41935.68,42155.29,42126.55,41999.98,159.77393748,6710502.178681251
2024-01-28 01:00:00+00:00,1706403600,41997.7,42241.76,42000.19,42099.49,228.57287992,9622801.67246324
2024-01-28 02:00:00+00:00,1706407200,42092.31,42184.7,42099.31,42105.92,98.92572668,4165358.7335299454
2024-01-28 03:00:00+00:00,1706410800,42087.65,42242.12,42105.91,42220.75,84.526156,3568757.700937
2024-01-28 04:00:00+00:00,1706414400,42215.83,42755.0,42222.88,42707.54,477.54945191,20394962.3194244
2024-01-28 05:00:00+00:00,1706418000,42446.6,42839.07,42712.47,42556.19,316.69762093,13477444.128845058
2024-01-28 06:00:00+00:00,1706421600,42295.2,42582.04,42556.1,42411.87,204.92137584,8691098.752347222
2024-01-28 07:00:00+00:00,1706425200,42361.98,42532.77,42409.67,42395.55,99.96965283,4238268.4150369065
2024-01-28 08:00:00+00:00,1706428800,42322.98,42614.67,42395.53,42494.09,149.48024864,6352027.138930538
2024-01-28 09:00:00+00:00,1706432400,42428.9,42697.87,42494.09,42575.11,199.96441213,8513506.842520084
2024-01-28 10:00:00+00:00,1706436000,42500.64,42651.34,42575.1,42600.27,84.59234498,3603656.736081144
2024-01-28 11:00:00+00:00,1706439600,42356.3,42617.2,42600.26,42475.46,90.23669198,3832845.00072881
2024-01-28 12:00:00+00:00,1706443200,42280.85,42499.94,42475.56,42415.73,205.55743707,8718868.750253111
2024-01-28 13:00:00+00:00,1706446800,42241.32,42444.7,42415.72,42394.61,136.19248481,5773827.278450874
2024-01-28 14:00:00+00:00,1706450400,42250.0,42537.84,42394.06,42283.32,127.53297315,5392517.514252858
2024-01-28 15:00:00+00:00,1706454000,42149.99,42408.26,42286.5,42252.96,154.35405679,6521915.787385598
2024-01-28 16:00:00+00:00,1706457600,42132.8,42345.3,42252.97,42301.04,163.04866591,6897128.138605547
2024-01-28 17:00:00+00:00,1706461200,42093.1,42306.4,42301.4,42160.07,162.78159971,6862883.63848558
2024-01-28 18:00:00+00:00,1706464800,41927.83,42171.31,42160.07,41965.9,197.02305104,8268249.657639537
2024-01-28 19:00:00+00:00,1706468400,41726.59,42022.02,41961.65,41780.72,278.79303271,11648173.637607353
2024-01-28 20:00:00+00:00,1706472000,41679.87,41966.66,41780.73,41938.62,187.55665149,7865867.135311545
2024-01-28 21:00:00+00:00,1706475600,41804.82,42023.0,41938.62,41971.53,114.28467089,4796702.492799762
2024-01-28 22:00:00+00:00,1706479200,41617.53,41977.0,41969.96,41828.0,152.02476317,6358891.79387476
2024-01-28 23:00:00+00:00,1706482800,41744.69,42070.19,41833.62,42034.59,224.08275206,9419226.608913757
2024-01-29 00:00:00+00:00,1706486400,41877.37,42066.38,42034.57,41969.21,209.14823602,8777786.238652945
2024-01-29 01:00:00+00:00,1706490000,41968.06,42307.68,41968.08,42155.41,230.0054966,9695976.011426607
2024-01-29 02:00:00+00:00,1706493600,42118.18,42320.0,42152.92,42229.57,167.91612367,7091025.698650922
2024-01-29 03:00:00+00:00,1706497200,42226.78,42495.61,42231.0,42317.22,241.86685291,10235132.82530011
2024-01-29 04:00:00+00:00,1706500800,42181.01,42339.32,42315.26,42208.37,167.68425407,7077679.038960567
2024-01-29 05:00:00+00:00,1706504400,42111.55,42278.55,42208.39,42126.01,165.5828398,6975344.365243197
2024-01-29 06:00:00+00:00,1706508000,42120.24,42241.01,42126.02,42152.66,177.683555,7489834.481506301
2024-01-29 07:00:00+00:00,1706511600,41981.91,42231.03,42152.65,42046.03,115.88954587,4872695.322336396
2024-01-29 08:00:00+00:00,1706515200,41948.5,42136.81,42045.97,42107.83,123.49670653,5200178.32412513
2024-01-29 09:00:00+00:00,1706518800,41947.08,42319.14,42107.56,42284.34,146.6758993,6202093.595806961
2024-01-29 10:00:00+00:00,1706522400,42196.89,42377.86,42289.36,42311.54,127.29113958,5385884.143984754
2024-01-29 11:00:00+00:00,1706526000,42182.18,42347.75,42311.54,42238.56,77.52348609,3274480.4186216304
2024-01-29 12:00:00+00:00,1706529600,41970.44,42363.8,42240.44,42093.94,197.83623853,8327706.754507509
2024-01-29 13:00:00+00:00,1706533200,41928.1,42132.94,42091.93,41992.2,319.9320289,13434649.743974578
2024-01-29 14:00:00+00:00,1706536800,41787.35,42094.32,41994.25,41942.8,745.3000652,31259971.57467056
2024-01-29 15:00:00+00:00,1706540400,41863.35,42639.52,41942.76,42629.1,1139.04016292,48556257.009132974
2024-01-29 16:00:00+00:00,1706544000,42513.36,43326.77,42631.69,43204.58,2287.30231404,98821935.8111263
2024-01-29 17:00:00+00:00,1706547600,42918.26,43322.14,43204.93,42990.37,867.14385695,37278835.25350758
2024-01-29 18:00:00+00:00,1706551200,42875.71,43129.15,42990.37,43026.32,562.19802643,24189312.18854564
2024-01-29 19:00:00+00:00,1706554800,42981.42,43154.89,43026.32,43000.88,636.38755451,27365224.864977967
2024-01-29 20:00:00+00:00,1706558400,42978.22,43213.78,43000.87,43149.48,2240.69154716,96684675.10034949
2024-01-29 21:00:00+00:00,1706562000,43063.1,43275.26,43149.75,43185.98,888.65289422,38377346.11672704
2024-01-29 22:00:00+00:00,1706565600,43080.31,43217.35,43183.77,43117.08,262.98714839,11339237.916103505
2024-01-29 23:00:00+00:00,1706569200,43077.05,43315.69,43117.08,43306.18,430.85658713,18658752.916437466
2024-01-30 00:00:00+00:00,1706572800,43136.76,43324.54,43303.3,43172.12,274.42227806,11847391.519079687
2024-01-30 01:00:00+00:00,1706576400,43158.74,43569.0,43172.12,43449.99,979.05139252,42539773.21448007
2024-01-30 02:00:00+00:00,1706580000,43446.01,43787.35,43446.01,43619.73,671.9634661,29310864.96114616
2024-01-30 03:00:00+00:00,1706583600,43440.75,43691.14,43619.72,43508.06,518.70434113,22567819.596144505
2024-01-30 04:00:00+00:00,1706587200,43405.83,43563.35,43508.06,43415.91,267.26807776,11603686.80990116
2024-01-30 05:00:00+00:00,1706590800,43339.43,43464.33,43415.92,43368.67,227.75827724,9877573.56539007
2024-01-30 06:00:00+00:00,1706594400,43252.23,43423.35,43365.2,43340.14,271.72101898,11776427.003535856
2024-01-30 07:00:00+00:00,1706598000,43314.34,43442.55,43340.14,43357.13,209.8851359,9100017.122283963
2024-01-30 08:00:00+00:00,1706601600,43220.0,43459.7,43354.22,43423.72,279.12641455,12120707.270023126
2024-01-30 09:00:00+00:00,1706605200,43312.98,43456.94,43423.71,43324.55,190.81567602,8267003.296512292
2024-01-30 10:00:00+00:00,1706608800,43284.41,43506.44,43320.33,43473.6,238.69838551,10377078.132307537
2024-01-30 11:00:00+00:00,1706612400,43407.26,43558.98,43472.51,43526.96,321.06570395,13975014.053203491
2024-01-30 12:00:00+00:00,1706616000,43253.55,43872.99,43526.95,43394.5,1045.11423049,45352209.4749983
2024-01-30 13:00:00+00:00,1706619600,43144.99,43480.75,43388.55,43291.84,641.66411099,27778820.02672132
2024-01-30 14:00:00+00:00,1706623200,43115.47,43507.24,43290.68,43479.72,762.81152216,33166831.3962906
2024-01-30 15:00:00+00:00,1706626800,43293.12,43630.93,43479.72,43379.53,1261.50666129,54723566.05862939
2024-01-30 16:00:00+00:00,1706630400,43229.77,43515.11,43379.81,43498.18,839.67820335,36524473.6313949
2024-01-30 17:00:00+00:00,1706634000,43299.3,43597.62,43498.22,43397.58,559.33232253,24273669.21358148
2024-01-30 18:00:00+00:00,1706637600,43281.88,43521.9,43396.5,43375.25,755.65955529,32776922.12559257
2024-01-30 19:00:00+00:00,1706641200,43338.8,43583.0,43375.26,43548.62,560.42337189,24405664.461556293
2024-01-30 20:00:00+00:00,1706644800,43491.95,43786.7,43545.29,43552.07,3872.05521164,168636019.6212101
2024-01-30 21:00:00+00:00,1706648400,43483.53,43700.66,43561.06,43543.9,479.99794081,20900982.33483656
2024-01-30 22:00:00+00:00,1706652000,43317.1,43586.1,43543.89,43329.94,297.47555878,12889598.113403874
2024-01-30 23:00:00+00:00,1706655600,42680.2,43362.06,43327.67,42942.78,858.41334041,36862655.22629174
2024-01-31 00:00:00+00:00,1706659200,42850.36,43116.79,42937.72,42931.91,510.00821966,21895626.98570336
2024-01-31 01:00:00+00:00,1706662800,42711.12,43003.08,42929.18,42766.37,356.11422194,15229712.57774816
2024-01-31 02:00:00+00:00,1706666400,42640.69,42888.87,42769.92,42865.75,256.06968745,10976619.204809835
2024-01-31 03:00:00+00:00,1706670000,42840.93,42986.77,42865.38,42916.64,173.17364988,7432031.189386003
2024-01-31 04:00:00+00:00,1706673600,42853.58,42983.14,42915.81,42947.49,156.61410721,6726182.803260402
2024-01-31 05:00:00+00:00,1706677200,42900.99,43030.01,42947.49,42959.35,241.49525124,10374479.021357091
2024-01-31 06:00:00+00:00,1706680800,42883.83,43042.17,42957.94,42955.26,132.10175996,5674465.445539391
2024-01-31 07:00:00+00:00,1706684400,42919.9,43062.13,42952.61,43022.78,144.17337795,6202739.521399701
2024-01-31 08:00:00+00:00,1706688000,42912.64,43057.15,43020.01,42954.65,151.72013112,6517085.130213708
2024-01-31 09:00:00+00:00,1706691600,42600.26,42955.25,42954.63,42622.95,234.72253244,10004566.764063498
2024-01-31 10:00:00+00:00,1706695200,42359.0,42768.97,42629.78,42366.82,525.84018509,22278176.47047472
2024-01-31 11:00:00+00:00,1706698800,42335.02,42654.43,42361.15,42618.1,238.2638823,10154353.96224963
2024-01-31 12:00:00+00:00,1706702400,42517.16,42697.23,42615.27,42595.38,206.0100793,8775077.611613633
2024-01-31 13:00:00+00:00,1706706000,42484.34,42885.12,42595.82,42764.52,483.69619861,20685035.75938132
2024-01-31 14:00:00+00:00,1706709600,42531.31,42969.06,42770.24,42856.82,967.47973057,41463104.66668699
2024-01-31 15:00:00+00:00,1706713200,42677.73,43466.16,42856.83,43352.97,1570.91259995,68103726.81825435
2024-01-31 16:00:00+00:00,1706716800,43287.37,43599.0,43349.13,43465.67,893.8542124,38851972.22428831
2024-01-31 17:00:00+00:00,1706720400,43429.64,43741.1,43464.17,43706.5,1541.81090049,67387158.12226619
2024-01-31 18:00:00+00:00,1706724000,43460.22,43741.94,43707.61,43498.14,815.13290343,35456765.15200462
2024-01-31 19:00:00+00:00,1706727600,43009.42,43543.77,43496.09,43315.83,1073.32925061,46492147.35345016
2024-01-31 20:00:00+00:00,1706731200,42474.53,43351.12,43315.19,42524.73,2551.07778133,108483893.86005732
2024-01-31 21:00:00+00:00,1706734800,42265.77,42683.52,42525.98,42461.38,1309.98480017,55623762.39424243
2024-01-31 22:00:00+00:00,1706738400,42350.14,42670.75,42454.6,42634.7,352.96639353,15048616.29823349
2024-01-31 23:00:00+00:00,1706742000,42517.54,42660.77,42630.96,42523.44,219.171836,9319940.417835841
